,Batch Cost,Val Cost,Batch Predictor AUC,Val Predictor AUC,Batch Discriminator AUC,Val Discriminator AUC
0,0.6456215381622314,0.6401909589767456,0.8653846153846154,0.6802413273001509,0.3402777777777778,0.7479967948717948
1,0.5298709273338318,0.60208660364151,0.9935064935064936,0.633107088989442,0.39705882352941174,0.6758814102564102
2,0.5540748834609985,0.5525096654891968,0.8571428571428571,0.6233031674208145,0.3116883116883117,0.5362580128205129
3,0.5382665395736694,0.5514777898788452,0.8831168831168831,0.6353695324283559,0.39102564102564097,0.6013621794871795
4,0.5364267826080322,0.551774263381958,0.9102564102564102,0.6153846153846154,0.5866666666666667,0.6822916666666666
5,0.5394607782363892,0.5507303476333618,0.8653846153846154,0.5761689291101056,0.40909090909090906,0.6975160256410257
6,0.5201127529144287,0.561923623085022,0.6466666666666667,0.6504524886877828,0.54,0.7359775641025641
7,0.5510330200195312,0.5486614108085632,0.7727272727272727,0.6119909502262444,0.6538461538461539,0.7487980769230769
8,0.5305352210998535,0.5498321652412415,0.8589743589743589,0.573529411764706,0.6730769230769231,0.7560096153846154
9,0.5196894407272339,0.5672568082809448,0.86,0.5188536953242836,0.58,0.7367788461538463
10,0.5468835830688477,0.5529745221138,0.7756410256410257,0.5524132730015083,0.6153846153846154,0.6778846153846154
11,0.5074273943901062,0.561499834060669,0.7291666666666666,0.5282805429864253,0.6403508771929824,0.6794871794871794
12,0.5347390174865723,0.5541702508926392,0.7115384615384617,0.5290346907993967,0.7012987012987013,0.6356169871794872
13,0.5469663143157959,0.5487486720085144,0.5961538461538461,0.5565610859728507,0.6388888888888888,0.59375
14,0.5267738103866577,0.5488336682319641,0.8525641025641026,0.5524132730015082,0.42857142857142855,0.5576923076923077
15,0.4888259470462799,0.5516481995582581,0.8461538461538461,0.5463800904977375,0.8472222222222223,0.5116185897435898
16,0.5225471258163452,0.543392539024353,0.6282051282051282,0.5773001508295627,0.2435897435897436,0.4391025641025641
17,0.515144944190979,0.545680046081543,0.6266666666666668,0.6150075414781296,0.38461538461538464,0.4971955128205129
18,0.5706594586372375,0.5400400161743164,0.5066666666666667,0.606711915535445,0.43589743589743596,0.5564903846153846
19,0.737421452999115,0.6920822858810425,0.551948051948052,0.47285067873303166,0.7794117647058824,0.6422275641025641
20,0.8057979345321655,0.6747138500213623,0.5416666666666666,0.41515837104072395,0.6038961038961039,0.6518429487179488
21,0.5365874767303467,0.5398126244544983,0.7777777777777778,0.635369532428356,0.5694444444444444,0.5973557692307692
22,0.5540018677711487,0.5427114963531494,0.6933333333333334,0.6523378582202112,0.5897435897435898,0.5913461538461539
23,1.006142258644104,0.9139328598976135,0.5064935064935066,0.3163650075414781,0.7077922077922079,0.5757211538461539
24,0.6952725648880005,0.6794121861457825,0.3076923076923077,0.47398190045248867,0.3333333333333333,0.5128205128205129
25,0.5429973006248474,0.5510993599891663,0.5909090909090909,0.719079939668175,0.3733333333333333,0.4635416666666667
26,0.5912178754806519,0.5609147548675537,0.6538461538461539,0.7262443438914028,0.3076923076923077,0.4643429487179487
27,0.5089381337165833,0.5581125020980835,0.7866666666666667,0.7251131221719457,0.6029411764705883,0.4859775641025641
28,0.5509551763534546,0.5390971302986145,0.5897435897435898,0.7126696832579186,0.375,0.5084134615384616
29,0.5379438400268555,0.5539301037788391,0.7272727272727273,0.6892911010558069,0.3533333333333333,0.5176282051282052
30,0.560375988483429,0.560458779335022,0.7628205128205128,0.6809954751131222,0.4097222222222222,0.5112179487179487
31,0.5578310489654541,0.5510985255241394,0.6153846153846154,0.6866515837104072,0.2361111111111111,0.4827724358974359
32,0.5360472202301025,0.5416959524154663,0.8141025641025641,0.6900452488687783,0.2847222222222222,0.4607371794871795
33,0.5279030203819275,0.5406485199928284,0.8051948051948051,0.6983408748114631,0.4485294117647059,0.4451121794871795
34,0.5513574481010437,0.5425880551338196,0.7272727272727273,0.6907993966817496,0.474025974025974,0.4439102564102564
35,0.5236251354217529,0.5450677871704102,0.7467532467532467,0.6885369532428356,0.5320512820512819,0.4395032051282052
36,0.5409570932388306,0.5427707433700562,0.673076923076923,0.6866515837104072,0.4933333333333333,0.44230769230769235
37,0.5375986695289612,0.5385072827339172,0.7884615384615385,0.6813725490196079,0.4285714285714286,0.4567307692307692
38,0.530402660369873,0.5383491516113281,0.6599999999999999,0.6791101055806937,0.63,0.4655448717948718
39,0.549362063407898,0.5383894443511963,0.6298701298701299,0.6806184012066365,0.5128205128205128,0.4863782051282051
40,0.5482863187789917,0.5396578907966614,0.5384615384615384,0.6791101055806938,0.3717948717948718,0.4963942307692308
41,0.5332595705986023,0.5476559400558472,0.5133333333333334,0.6606334841628959,0.6866666666666666,0.4963942307692307
42,0.5491235852241516,0.5484204292297363,0.6602564102564102,0.6576168929110107,0.4423076923076923,0.49919871794871795
43,0.5160548686981201,0.5566067695617676,0.5625,0.6410256410256411,0.5877192982456141,0.516426282051282
44,0.5509467124938965,0.5576603412628174,0.6410256410256411,0.6266968325791855,0.7272727272727273,0.530448717948718
45,0.5484439730644226,0.5514857769012451,0.5897435897435898,0.6191553544494721,0.4652777777777778,0.5408653846153846
46,0.541121244430542,0.5459349751472473,0.6346153846153846,0.6161387631975868,0.40909090909090917,0.5352564102564102
47,0.5343896150588989,0.5445396304130554,0.6987179487179488,0.6165158371040723,0.4166666666666667,0.5268429487179487
48,0.5289387702941895,0.5467583537101746,0.7051282051282051,0.6244343891402715,0.41025641025641024,0.5248397435897436
49,0.5269479751586914,0.5624959468841553,0.5733333333333334,0.6440422322775264,0.5769230769230769,0.5328525641025641
50,0.5442835092544556,0.5748106241226196,0.5133333333333334,0.6674208144796381,0.42948717948717957,0.5328525641025641
51,0.5263333916664124,0.5603924989700317,0.7077922077922078,0.6632730015082957,0.6691176470588236,0.5516826923076923
52,0.48109304904937744,0.562356173992157,0.7638888888888888,0.6587481146304676,0.43506493506493504,0.5540865384615384
53,0.4773254990577698,0.5692150592803955,0.8125,0.6598793363499247,0.6666666666666666,0.5685096153846154
54,0.5091934204101562,0.5635231137275696,0.72,0.6598793363499246,0.6346153846153846,0.5765224358974359
55,0.5397507548332214,0.5403518676757812,0.6233766233766234,0.6436651583710408,0.512987012987013,0.6121794871794871
56,0.5156086683273315,0.5359955430030823,0.7435897435897436,0.6349924585218703,0.39333333333333337,0.6638621794871794
57,0.5532224178314209,0.5334477424621582,0.6103896103896104,0.6425339366515836,0.7199999999999999,0.6674679487179487
58,0.5631237626075745,0.5326855182647705,0.4743589743589744,0.6466817496229261,0.685897435897436,0.6995192307692307
59,0.4905429184436798,0.5326291918754578,0.7199999999999999,0.6568627450980392,0.6691176470588235,0.663261217948718
60,0.551832377910614,0.5260894894599915,0.532051282051282,0.6583710407239819,0.5486111111111112,0.6959134615384615
61,0.5373948812484741,0.535211980342865,0.5974025974025974,0.6447963800904978,0.7333333333333333,0.7540064102564102
62,0.5416514873504639,0.5396718382835388,0.6666666666666667,0.6436651583710408,0.5763888888888888,0.7668269230769231
63,0.5202429294586182,0.5216588377952576,0.6858974358974358,0.6508295625942685,0.5625,0.7556089743589743
64,0.4954071044921875,0.5154162049293518,0.7371794871794872,0.6557315233785822,0.7777777777777777,0.7479967948717948
65,0.5177813768386841,0.5205529928207397,0.6623376623376623,0.6621417797888387,0.49264705882352944,0.7532051282051282
66,0.5151568651199341,0.5178452134132385,0.6038961038961039,0.6591251885369532,0.5714285714285714,0.7780448717948718
67,0.5001693367958069,0.5128922462463379,0.8051948051948052,0.6677978883861236,0.7243589743589743,0.7744391025641025
68,0.5414367914199829,0.5080695152282715,0.6153846153846154,0.6806184012066365,0.6266666666666667,0.7772435897435898
69,0.5091282725334167,0.522580087184906,0.7756410256410257,0.6874057315233787,0.551948051948052,0.7832532051282052
70,0.5512151122093201,0.4917110204696655,0.6799999999999999,0.6866515837104072,0.34,0.19230769230769232
71,0.47752949595451355,0.5461486577987671,0.6558441558441558,0.6734539969834088,0.4358974358974359,0.19310897435897434
72,0.6103566884994507,0.5800337791442871,0.5769230769230769,0.6693061840120663,0.21794871794871795,0.20072115384615385
73,0.6930449604988098,0.8667814135551453,0.5933333333333333,0.5991704374057315,0.2,0.21153846153846154
74,0.4899524450302124,0.573917806148529,0.7371794871794872,0.6655354449472097,0.1217948717948718,0.23237179487179488
75,0.5648469924926758,0.5279086828231812,0.42361111111111105,0.6647812971342384,0.2543859649122807,0.21995192307692307
76,0.5821505784988403,0.5931879878044128,0.608974358974359,0.6621417797888386,0.10389610389610389,0.2111378205128205
77,0.5602575540542603,0.5199646353721619,0.5384615384615384,0.6685520361990951,0.1597222222222222,0.2095352564102564
78,0.5334327816963196,0.5130715370178223,0.5512820512820513,0.6685520361990951,0.2727272727272727,0.20953525641025642
79,0.5610030293464661,0.5884802937507629,0.7051282051282052,0.6689291101055806,0.2916666666666667,0.2107371794871795
80,0.5008523464202881,0.5147929787635803,0.6217948717948718,0.670814479638009,0.25,0.21754807692307693
81,0.5603870153427124,0.48644134402275085,0.5666666666666667,0.6677978883861236,0.8205128205128205,0.782051282051282
82,1.1512655019760132,0.9287934303283691,0.4733333333333334,0.5904977375565611,0.6858974358974359,0.765625
83,0.8850021958351135,0.9252843260765076,0.5714285714285714,0.6610105580693816,0.125,0.312099358974359
84,0.5823739767074585,0.8812245726585388,0.6597222222222222,0.6530920060331825,0.40909090909090906,0.29767628205128205
85,0.613649845123291,0.5328547358512878,0.5555555555555556,0.6576168929110106,0.1597222222222222,0.26963141025641024
86,0.5737174153327942,0.5491587519645691,0.7066666666666667,0.6508295625942684,0.2628205128205128,0.25841346153846156
87,0.5503276586532593,0.5209004282951355,0.4675324675324675,0.6595022624434389,0.2597402597402597,0.2520032051282051
88,0.5436625480651855,0.5275052785873413,0.6474358974358974,0.6647812971342383,0.24666666666666665,0.24439102564102566
89,0.5431440472602844,0.5192449688911438,0.551948051948052,0.6711915535444947,0.21333333333333332,0.2391826923076923
90,0.5501641035079956,0.5797255039215088,0.653846153846154,0.6749622926093515,0.25,0.234375
91,0.5047436356544495,0.5239415764808655,0.72,0.6798642533936652,0.375,0.23317307692307693
92,0.5653716921806335,0.5437113046646118,0.6602564102564102,0.6791101055806938,0.15277777777777776,0.23597756410256412
93,0.47846245765686035,0.519364058971405,0.7987012987012987,0.6847662141779789,0.32666666666666666,0.23157051282051283
94,0.5123098492622375,0.528245210647583,0.7628205128205128,0.6828808446455505,0.1111111111111111,0.22756410256410256
95,0.553848147392273,0.5185832977294922,0.49999999999999994,0.6840120663650076,0.0763888888888889,0.22075320512820512
96,0.5126801133155823,0.515933632850647,0.7371794871794872,0.6843891402714932,0.2361111111111111,0.21875
97,0.5000293254852295,0.5319950580596924,0.7337662337662338,0.6817496229260934,0.4632352941176471,0.21594551282051283
98,0.511735737323761,0.5179755091667175,0.7207792207792207,0.6825037707390649,0.26623376623376627,0.2047275641025641
99,0.501253068447113,0.5159754753112793,0.6753246753246753,0.6809954751131221,0.23076923076923078,0.1999198717948718
100,0.5050038695335388,0.516249418258667,0.717948717948718,0.6832579185520362,0.31333333333333335,0.1907051282051282
101,0.5124942064285278,0.5126044750213623,0.7692307692307693,0.6783559577677225,0.3116883116883117,0.18028846153846156
102,0.5069071054458618,0.5362812280654907,0.7066666666666668,0.6828808446455505,0.35000000000000003,0.17187500000000003
103,0.5352009534835815,0.5142634510993958,0.6623376623376623,0.6881598793363499,0.4551282051282051,0.1574519230769231
104,0.5375150442123413,0.5100035071372986,0.596153846153846,0.6874057315233786,0.3333333333333333,0.14623397435897437
105,0.5371344089508057,0.5184143781661987,0.54,0.6889140271493214,0.29333333333333333,0.14903846153846154
106,0.4785999357700348,0.5099003314971924,0.75,0.691553544494721,0.13461538461538464,0.14783653846153846
107,0.523949146270752,0.5121251344680786,0.5763888888888888,0.6919306184012066,0.368421052631579,0.16346153846153846
108,0.5213577151298523,0.511896014213562,0.6602564102564102,0.6832579185520362,0.2272727272727273,0.1750801282051282
109,0.5345208048820496,0.5301113128662109,0.6666666666666666,0.6802413273001509,0.3819444444444444,0.22235576923076925
110,0.541143536567688,0.5208693146705627,0.6730769230769231,0.6715686274509804,0.48051948051948057,0.2936698717948718
111,0.47910967469215393,0.5985543727874756,0.8012820512820513,0.6282051282051282,0.4930555555555556,0.359375
112,0.6346599459648132,0.6877495646476746,0.717948717948718,0.6941930618401206,0.4743589743589744,0.32091346153846156
113,0.6087039113044739,0.7168393135070801,0.6066666666666667,0.7066365007541479,0.3269230769230769,0.3161057692307693
114,0.5709666609764099,0.6214181184768677,0.5866666666666667,0.6889140271493213,0.28846153846153844,0.3501602564102564
115,0.5269647240638733,0.558631956577301,0.6753246753246753,0.6568627450980392,0.4632352941176471,0.3561698717948718
116,0.5077455043792725,0.5450378060340881,0.7777777777777778,0.6293363499245852,0.37662337662337664,0.3601762820512821
117,0.4686001241207123,0.5442692041397095,0.8611111111111112,0.6165158371040723,0.47916666666666663,0.3289262820512821
118,0.5237414240837097,0.5472893714904785,0.6133333333333333,0.6112368024132729,0.4294871794871795,0.3213141025641026
119,0.5334699749946594,0.5508754253387451,0.6753246753246753,0.5969079939668175,0.3571428571428571,0.3265224358974359
120,0.5118522047996521,0.5528260469436646,0.7243589743589743,0.5972850678733032,0.5666666666666667,0.3225160256410256
121,0.577021598815918,0.5517361164093018,0.525974025974026,0.5920060331825038,0.21333333333333332,0.34134615384615385
122,0.5955822467803955,0.5470420718193054,0.4230769230769231,0.584841628959276,0.26282051282051283,0.38100961538461536
123,0.5226269960403442,0.5457088351249695,0.6533333333333333,0.5923831070889894,0.5955882352941176,0.4286858974358974
124,0.5445359349250793,0.5434849262237549,0.6025641025641025,0.6006787330316742,0.7013888888888888,0.4963942307692307
125,0.571578323841095,0.5439192056655884,0.3246753246753247,0.6040723981900452,0.43333333333333335,0.547676282051282
126,0.5547373294830322,0.5458060503005981,0.608974358974359,0.6244343891402715,0.36111111111111105,0.5865384615384616
127,0.5433199405670166,0.5446940660476685,0.6666666666666667,0.6489441930618401,0.9236111111111112,0.6478365384615384
128,0.5215424299240112,0.5404120683670044,0.8717948717948718,0.6561085972850679,0.6527777777777778,0.6482371794871794
129,0.5358431339263916,0.5366748571395874,0.6298701298701299,0.6610105580693816,0.5808823529411764,0.6089743589743589
130,0.5357643365859985,0.5361793041229248,0.7207792207792207,0.6564856711915535,0.6948051948051948,0.6005608974358974
131,0.4980328679084778,0.5365999937057495,0.8506493506493505,0.6579939668174962,0.6666666666666667,0.5713141025641025
132,0.533957839012146,0.5341273546218872,0.6794871794871795,0.6579939668174962,0.6799999999999999,0.5709134615384616
133,0.5154433846473694,0.5306685566902161,0.717948717948718,0.6595022624434389,0.3181818181818182,0.626201923076923
134,0.5112906694412231,0.5287604928016663,0.7266666666666666,0.664027149321267,0.59,0.6061698717948718
135,0.534644603729248,0.529315173625946,0.6428571428571429,0.6591251885369532,0.5256410256410257,0.6354166666666667
136,0.5202473402023315,0.5304669141769409,0.717948717948718,0.6493212669683258,0.5897435897435896,0.6426282051282051
137,0.538598895072937,0.5446714758872986,0.6266666666666667,0.6406485671191553,0.5666666666666667,0.6919070512820513
138,0.5191742777824402,0.5402423143386841,0.8012820512820513,0.6504524886877827,0.8397435897435898,0.7075320512820513
139,0.4751838445663452,0.543483316898346,0.7847222222222222,0.6493212669683258,0.8596491228070176,0.7163461538461539
140,0.525800347328186,0.5312458276748657,0.6602564102564104,0.6527149321266968,0.5324675324675324,0.7021233974358974
141,0.48006752133369446,0.5232896208763123,0.7435897435897435,0.6504524886877828,0.75,0.672676282051282
142,0.444233238697052,0.5215194821357727,0.8974358974358975,0.6466817496229261,0.7662337662337663,0.6464342948717949
143,0.4491574764251709,0.5310250520706177,0.8333333333333334,0.6334841628959276,0.6805555555555556,0.6670673076923076
144,0.4179534316062927,0.5103780627250671,0.8525641025641026,0.6715686274509803,0.641025641025641,0.5400641025641025
145,0.5501031875610352,0.6273189187049866,0.6799999999999999,0.7138009049773756,0.5961538461538463,0.44551282051282054
146,0.5949953198432922,0.5940709710121155,0.58,0.7145550527903469,0.4358974358974359,0.4306891025641026
147,0.48636502027511597,0.49626967310905457,0.6623376623376623,0.6889140271493213,0.6029411764705883,0.49318910256410253
148,0.4763842523097992,0.4981119632720947,0.7222222222222223,0.6885369532428356,0.3246753246753246,0.4515224358974359
149,0.356930136680603,0.5190595388412476,0.8958333333333334,0.6953242835595776,0.5833333333333333,0.40865384615384615
150,0.48382073640823364,0.5371957421302795,0.6733333333333333,0.7032428355957768,0.5576923076923077,0.3838141025641026
151,0.5580672025680542,0.5139141082763672,0.6103896103896105,0.6953242835595776,0.461038961038961,0.375
152,0.4493858814239502,0.4976363182067871,0.7435897435897436,0.6862745098039216,0.6133333333333333,0.3798076923076923
153,0.5404120087623596,0.4936726689338684,0.6103896103896104,0.6904223227752639,0.2866666666666667,0.3685897435897436
154,0.541608452796936,0.48531103134155273,0.576923076923077,0.7024886877828055,0.3141025641025641,0.3469551282051282
155,0.42130666971206665,0.5008057355880737,0.7933333333333333,0.7055052790346907,0.3088235294117647,0.29086538461538464
156,0.5312665700912476,0.4995787739753723,0.6346153846153846,0.6979638009049774,0.4930555555555556,0.2904647435897436
157,0.5749841332435608,0.48709696531295776,0.5194805194805194,0.6904223227752639,0.4066666666666667,0.3092948717948718
158,0.49195432662963867,0.5203868746757507,0.7243589743589743,0.6832579185520362,0.4305555555555555,0.38261217948717946
159,0.47644752264022827,0.5563899278640747,0.7884615384615384,0.6723227752639517,0.4652777777777778,0.4310897435897436
160,0.4070567488670349,0.5358023643493652,0.8782051282051282,0.6651583710407241,0.3194444444444444,0.4194711538461539
161,0.5159626603126526,0.49624669551849365,0.7272727272727273,0.6674208144796381,0.40441176470588236,0.35176282051282054
162,0.5172022581100464,0.5140807032585144,0.7142857142857143,0.6745852187028657,0.33116883116883117,0.34855769230769235
163,0.4740144610404968,0.5249214768409729,0.7792207792207793,0.6817496229260935,0.3846153846153846,0.343349358974359
164,0.534220814704895,0.5132144689559937,0.5897435897435896,0.6885369532428356,0.5266666666666666,0.3393429487179488
165,0.4801669120788574,0.495250940322876,0.8012820512820513,0.696078431372549,0.22077922077922077,0.328525641025641
166,0.4770045876502991,0.49363845586776733,0.7066666666666667,0.7036199095022625,0.49,0.32411858974358976
167,0.4582887887954712,0.5057594776153564,0.7727272727272727,0.7066365007541479,0.5512820512820513,0.33894230769230776
168,0.5391669869422913,0.502661943435669,0.685897435897436,0.7092760180995475,0.40384615384615385,0.3297275641025641
169,0.5530513525009155,0.49605458974838257,0.5266666666666667,0.7156862745098039,0.5666666666666665,0.3145032051282052
170,0.4462140202522278,0.489310622215271,0.8653846153846153,0.7292609351432882,0.39743589743589747,0.3020833333333333
171,0.4782121777534485,0.4909083843231201,0.6666666666666666,0.7285067873303167,0.5964912280701755,0.30368589743589747
172,0.5077184438705444,0.49190765619277954,0.6794871794871795,0.7296380090497737,0.37012987012987014,0.3201121794871795
173,0.4733608365058899,0.49308469891548157,0.7756410256410257,0.7266214177978884,0.5625,0.3405448717948718
174,0.4221690893173218,0.5028049945831299,0.8397435897435898,0.7187028657616893,0.6818181818181819,0.3982371794871795
175,0.39724647998809814,0.5108558535575867,0.8589743589743589,0.7187028657616893,0.4513888888888889,0.44030448717948717
176,0.40752437710762024,0.47322720289230347,0.826923076923077,0.7277526395173454,0.46153846153846156,0.38341346153846156
177,0.480386883020401,0.5137210488319397,0.72,0.7330316742081449,0.5064102564102564,0.3653846153846154
178,0.5456097722053528,0.5438575744628906,0.6866666666666666,0.7390648567119156,0.46153846153846156,0.37059294871794873
179,0.4779682755470276,0.49842411279678345,0.7402597402597403,0.7319004524886877,0.44117647058823534,0.3814102564102564
180,0.43768733739852905,0.45790761709213257,0.75,0.7360482654600302,0.33766233766233766,0.4030448717948718
181,0.32249516248703003,0.4584782123565674,0.875,0.7371794871794872,0.4722222222222222,0.42508012820512825
182,0.4553743600845337,0.4664117693901062,0.6933333333333334,0.7447209653092006,0.5064102564102564,0.3754006410256411
183,0.570108950138092,0.5047599077224731,0.5974025974025974,0.7330316742081447,0.36363636363636365,0.37059294871794873
184,0.3741450905799866,0.462566077709198,0.8397435897435898,0.726998491704374,0.6133333333333333,0.374599358974359
185,0.5123593807220459,0.494444876909256,0.6298701298701298,0.7220965309200603,0.21333333333333332,0.4234775641025641
186,0.5353084206581116,0.46808063983917236,0.6282051282051282,0.7322775263951734,0.28205128205128205,0.41746794871794873
187,0.36006784439086914,0.493056058883667,0.8533333333333333,0.7319004524886877,0.3970588235294118,0.3697916666666667
188,0.48733842372894287,0.48808974027633667,0.7756410256410257,0.7341628959276019,0.6180555555555556,0.3782051282051282
189,0.5576909780502319,0.43778231739997864,0.5454545454545454,0.7401960784313726,0.42,0.38782051282051283
190,0.428579717874527,0.4953097701072693,0.782051282051282,0.7428355957767723,0.4444444444444444,0.4611378205128205
191,0.4400043189525604,0.5264387130737305,0.8076923076923077,0.7398190045248868,0.5208333333333334,0.4983974358974359
192,0.30748677253723145,0.48842549324035645,0.9615384615384615,0.7322775263951734,0.45833333333333337,0.4927884615384615
193,0.39880746603012085,0.4535192549228668,0.8376623376623377,0.720211161387632,0.4117647058823529,0.43990384615384615
194,0.4729662537574768,0.4890926480293274,0.8051948051948052,0.7273755656108598,0.42207792207792205,0.4459134615384615
195,0.4686434268951416,0.5013316869735718,0.8116883116883117,0.723604826546003,0.41025641025641024,0.45392628205128205
196,0.48177191615104675,0.48437073826789856,0.7692307692307693,0.7254901960784313,0.6933333333333334,0.45993589743589747
197,0.39631837606430054,0.45793259143829346,0.8910256410256411,0.7266214177978885,0.35064935064935066,0.4733573717948718
198,0.42257219552993774,0.4585449695587158,0.7533333333333334,0.729260935143288,0.56,0.4823717948717949
199,0.3596593141555786,0.47705283761024475,0.8961038961038961,0.7292609351432882,0.6602564102564102,0.5348557692307692
200,0.4701249897480011,0.4669301509857178,0.7051282051282052,0.7285067873303168,0.5064102564102564,0.5136217948717949
201,0.4829414188861847,0.4692704379558563,0.6733333333333333,0.7224736048265461,0.6866666666666668,0.5080128205128205
202,0.4053371548652649,0.4718524217605591,0.8782051282051282,0.7160633484162896,0.5705128205128205,0.5104166666666667
203,0.35542726516723633,0.499859482049942,0.8472222222222222,0.7088989441930618,0.7982456140350878,0.5681089743589743
204,0.4693719148635864,0.4951328933238983,0.7051282051282052,0.7013574660633484,0.5,0.5689102564102564
205,0.432536244392395,0.4813406467437744,0.8012820512820513,0.7039969834087481,0.7013888888888888,0.5608974358974359
206,0.3066786527633667,0.47900187969207764,0.8717948717948718,0.7081447963800904,0.7922077922077921,0.5697115384615384
207,0.2731417715549469,0.5283781886100769,0.9166666666666667,0.717948717948718,0.5,0.6069711538461539
208,0.33914119005203247,0.4550192952156067,0.8525641025641025,0.7394419306184012,0.5384615384615385,0.5456730769230769
209,0.3946388363838196,0.48718366026878357,0.8,0.7405731523378583,0.5641025641025641,0.5032051282051282
210,0.511752724647522,0.49342775344848633,0.6866666666666668,0.7439668174962293,0.5192307692307693,0.49959935897435903
211,0.46617668867111206,0.4649917483329773,0.7012987012987013,0.751131221719457,0.36764705882352944,0.5152243589743589
212,0.39502114057540894,0.45409533381462097,0.7291666666666667,0.7620663650075414,0.461038961038961,0.516025641025641
213,0.1984214335680008,0.46177107095718384,0.9236111111111112,0.7647058823529412,0.4930555555555556,0.5208333333333333
214,0.44008082151412964,0.5143057107925415,0.7466666666666667,0.7492458521870287,0.532051282051282,0.484375
215,0.506825864315033,0.5058114528656006,0.6558441558441558,0.7398190045248869,0.38961038961038963,0.4919871794871795
216,0.32899850606918335,0.4925627112388611,0.8397435897435898,0.7352941176470589,0.6466666666666667,0.5104166666666667
217,0.4791751801967621,0.7348605990409851,0.7337662337662338,0.7198340874811464,0.4066666666666667,0.5753205128205128
218,0.4704703092575073,0.46833139657974243,0.7628205128205129,0.7345399698340874,0.41025641025641024,0.49318910256410253
219,0.29525500535964966,0.5047972202301025,0.9133333333333333,0.7450980392156863,0.4852941176470588,0.4671474358974359
220,0.47132325172424316,0.4984782338142395,0.8397435897435898,0.748868778280543,0.6527777777777778,0.4587339743589744
221,0.5544999241828918,0.4503558874130249,0.577922077922078,0.7507541478129713,0.43999999999999995,0.45552884615384615
222,0.3661358952522278,0.47151172161102295,0.826923076923077,0.754524886877828,0.4583333333333333,0.4575320512820513
223,0.4154333174228668,0.571808934211731,0.8333333333333333,0.7515082956259427,0.4722222222222222,0.49118589743589747
224,0.2930946350097656,0.5827401876449585,0.9615384615384616,0.746606334841629,0.5069444444444444,0.500400641025641
225,0.3006470203399658,0.4792793393135071,0.9025974025974026,0.7413273001508296,0.463235294117647,0.4651442307692308
226,0.4066634774208069,0.46748998761177063,0.8376623376623377,0.7379336349924586,0.45454545454545453,0.4186698717948718
227,0.4394272565841675,0.4960494041442871,0.8636363636363635,0.7337858220211161,0.4358974358974359,0.40945512820512825
228,0.48578721284866333,0.5049284100532532,0.7756410256410257,0.7371794871794872,0.52,0.39583333333333337
229,0.45607516169548035,0.49334990978240967,0.8717948717948718,0.7345399698340875,0.35064935064935066,0.3950320512820513
230,0.36166512966156006,0.484633207321167,0.7266666666666666,0.7360482654600302,0.5,0.39623397435897434
231,0.42680060863494873,0.4666917026042938,0.8051948051948051,0.7379336349924586,0.6474358974358975,0.40184294871794873
232,0.4321560859680176,0.4704938530921936,0.75,0.7409502262443439,0.5,0.41626602564102566
233,0.4663330912590027,0.5005167126655579,0.6533333333333333,0.7450980392156862,0.6666666666666667,0.437900641025641
234,0.3601621389389038,0.5292671918869019,0.9166666666666667,0.7428355957767723,0.4871794871794872,0.4667467948717949
235,0.4156018793582916,0.4909786880016327,0.7708333333333334,0.7379336349924586,0.631578947368421,0.46554487179487175
236,0.4396018385887146,0.46343994140625,0.8012820512820513,0.7307692307692308,0.4285714285714286,0.45933493589743585
237,0.40611428022384644,0.4660765528678894,0.8653846153846154,0.7187028657616893,0.5347222222222222,0.468349358974359
238,0.3588588535785675,0.4692930579185486,0.8525641025641026,0.7164404223227753,0.7402597402597403,0.49719551282051283
239,0.3054145574569702,0.4792046844959259,0.8974358974358975,0.7160633484162895,0.6111111111111112,0.5304487179487178
240,0.3731563091278076,0.49069783091545105,0.8397435897435896,0.7141779788838613,0.4871794871794871,0.5520833333333333
241,0.33598974347114563,0.4832915663719177,0.9000000000000001,0.7092760180995475,0.4743589743589744,0.562900641025641
242,0.4540260434150696,0.4829081594944,0.7133333333333334,0.7115384615384616,0.6025641025641026,0.5693108974358975
243,0.4527801275253296,0.5219272971153259,0.7402597402597403,0.7111613876319759,0.35294117647058826,0.5681089743589743
244,0.3611525297164917,0.5422808527946472,0.8680555555555556,0.7032428355957767,0.512987012987013,0.5685096153846153
245,0.2542341947555542,0.510565996170044,0.9375,0.7088989441930619,0.5694444444444444,0.5693108974358975
246,0.384013295173645,0.4881451725959778,0.76,0.7168174962292609,0.5512820512820513,0.5713141025641025
247,0.5264734625816345,0.48943692445755005,0.6558441558441558,0.719079939668175,0.551948051948052,0.5725160256410257
248,0.26401636004447937,0.4821350574493408,0.8782051282051283,0.7307692307692307,0.64,0.5536858974358975
249,0.3704703450202942,0.47763025760650635,0.7467532467532467,0.7458521870286576,0.3,0.5504807692307692
250,0.43966782093048096,1.0124346017837524,0.9166666666666667,0.7439668174962293,0.5384615384615385,0.6201923076923077
251,0.16326072812080383,0.48164743185043335,0.9400000000000001,0.7598039215686274,0.47058823529411764,0.5568910256410255
252,0.4316290020942688,0.5260702967643738,0.8846153846153846,0.7609351432880845,0.6805555555555556,0.5248397435897435
253,0.6755415201187134,0.5566732287406921,0.6883116883116883,0.7609351432880844,0.6,0.5092147435897436
254,0.3586215376853943,0.48151808977127075,0.8846153846153846,0.7665912518853695,0.46527777777777773,0.49879807692307687
255,0.2916146516799927,0.44328343868255615,0.9230769230769231,0.7665912518853695,0.5902777777777778,0.5036057692307692
256,0.21746666729450226,0.6671879887580872,0.9871794871794872,0.7560331825037707,0.513888888888889,0.5629006410256411
257,0.44282418489456177,0.677708089351654,0.8766233766233766,0.753393665158371,0.5220588235294118,0.578125
258,0.40949565172195435,0.45112019777297974,0.8051948051948051,0.7620663650075415,0.6038961038961039,0.514823717948718
259,0.3826614022254944,0.45569419860839844,0.8246753246753247,0.7745098039215687,0.47435897435897434,0.4699519230769231
260,0.5009825229644775,0.5146059989929199,0.7756410256410257,0.779788838612368,0.5866666666666667,0.4547275641025641
261,0.5269045233726501,0.544104278087616,0.8589743589743589,0.7812971342383107,0.3571428571428571,0.4399038461538462
262,0.3802450895309448,0.5495760440826416,0.7666666666666667,0.7843137254901961,0.47000000000000003,0.4254807692307692
263,0.5452851057052612,0.5227816104888916,0.8571428571428571,0.7854449472096531,0.6282051282051282,0.4158653846153846
264,0.5069940090179443,0.48910924792289734,0.7435897435897436,0.7839366515837104,0.49999999999999994,0.4078525641025641
265,0.47838711738586426,0.4568237066268921,0.6799999999999999,0.7846907993966816,0.6133333333333333,0.40625000000000006
266,0.416323184967041,0.44152283668518066,0.8717948717948718,0.7850678733031674,0.467948717948718,0.40785256410256415
267,0.4040633738040924,0.45485830307006836,0.7916666666666666,0.7854449472096531,0.8157894736842105,0.46354166666666663
268,0.4455925226211548,0.4876953959465027,0.8525641025641026,0.7869532428355958,0.551948051948052,0.5200320512820512
269,0.4079192280769348,0.5117405652999878,0.8974358974358975,0.7850678733031674,0.45138888888888884,0.5524839743589743
270,0.4126014709472656,0.49999213218688965,0.903846153846154,0.7839366515837104,0.7597402597402596,0.5536858974358975
271,0.3511536717414856,0.4807371497154236,0.9102564102564102,0.782051282051282,0.4375,0.5444711538461539
272,0.3498886227607727,0.4592320919036865,0.8846153846153847,0.7828054298642534,0.5128205128205128,0.5184294871794872
273,0.422168493270874,0.446821928024292,0.8466666666666667,0.7779034690799398,0.4871794871794872,0.4871794871794872
274,0.48330193758010864,0.44777560234069824,0.6866666666666668,0.7790346907993967,0.5448717948717949,0.4595352564102565
275,0.41193264722824097,0.4591592848300934,0.8311688311688312,0.778657616892911,0.25735294117647056,0.452724358974359
276,0.39393672347068787,0.47470390796661377,0.7777777777777778,0.774132730015083,0.4025974025974026,0.45232371794871795
277,0.3120562434196472,0.4836868643760681,0.9097222222222222,0.77526395173454,0.4097222222222222,0.45072115384615385
278,0.37205570936203003,0.4756771922111511,0.7933333333333334,0.7771493212669683,0.5128205128205128,0.453125
279,0.5221608281135559,0.4647626280784607,0.6298701298701299,0.7782805429864253,0.41558441558441556,0.4567307692307692
280,0.2747519314289093,0.4454936981201172,0.858974358974359,0.7861990950226245,0.6,0.48597756410256415
281,0.3913814425468445,0.44552773237228394,0.7337662337662337,0.7914781297134238,0.3466666666666667,0.5396634615384616
282,0.253701388835907,0.615212082862854,0.9358974358974359,0.8095776772247361,0.5512820512820513,0.6346153846153846
283,0.1866575926542282,0.4866335690021515,0.9733333333333334,0.8031674208144797,0.4852941176470588,0.6025641025641025
284,0.29096081852912903,0.45886796712875366,0.9038461538461537,0.7816742081447964,0.6041666666666666,0.5352564102564102
285,0.5018314123153687,0.4814717173576355,0.7142857142857143,0.7560331825037707,0.49999999999999994,0.5088141025641026
286,0.3863510489463806,0.4909515380859375,0.891025641025641,0.75,0.5,0.5116185897435898
287,0.4018669128417969,0.4827166199684143,0.9487179487179487,0.744343891402715,0.47916666666666663,0.5188301282051282
288,0.3337620496749878,0.45790714025497437,1.0,0.746606334841629,0.611111111111111,0.5384615384615384
289,0.24135668575763702,0.4570156931877136,0.961038961038961,0.7571644042232277,0.49264705882352944,0.5729166666666666
290,0.31761932373046875,0.4882020354270935,0.8766233766233765,0.7658371040723982,0.6948051948051948,0.610176282051282
291,0.32236140966415405,0.5400417447090149,0.9155844155844156,0.7643288084464555,0.5641025641025641,0.623798076923077
292,0.3989470601081848,0.5065794587135315,0.8205128205128205,0.7654600301659125,0.5,0.6209935897435898
293,0.3116387724876404,0.46218687295913696,0.8910256410256411,0.7665912518853696,0.4090909090909091,0.609775641025641
294,0.28551220893859863,0.45227521657943726,0.8200000000000001,0.7620663650075414,0.49,0.5576923076923077
295,0.29869186878204346,0.4709770083427429,0.9415584415584415,0.752262443438914,0.6346153846153846,0.5440705128205129
296,0.4280397891998291,0.49211639165878296,0.7948717948717948,0.7458521870286576,0.5512820512820513,0.5348557692307693
297,0.5548462271690369,0.48183029890060425,0.7266666666666667,0.7447209653092006,0.7,0.5412660256410255
298,0.2920861840248108,0.46428418159484863,1.0,0.7450980392156864,0.6282051282051283,0.5677083333333334
299,0.24624523520469666,0.46786922216415405,0.9236111111111112,0.7507541478129715,0.780701754385965,0.6302083333333334
300,0.35443395376205444,0.530629575252533,0.8782051282051284,0.7549019607843138,0.5909090909090908,0.6782852564102564
301,0.29739880561828613,0.6438516974449158,0.9358974358974359,0.7613122171945702,0.7361111111111112,0.6826923076923077
302,0.22645774483680725,0.6408032178878784,0.9743589743589745,0.7575414781297134,0.7272727272727273,0.6939102564102564
303,0.1644841879606247,0.5932544469833374,0.9743589743589745,0.7564102564102564,0.5625,0.7043269230769231
304,0.20595403015613556,0.5015497207641602,0.9294871794871795,0.747737556561086,0.46794871794871795,0.6875
305,0.23856958746910095,0.47616004943847656,0.9533333333333334,0.7390648567119156,0.5,0.625400641025641
306,0.41357487440109253,0.5057777762413025,0.7933333333333333,0.7296380090497738,0.5897435897435898,0.5721153846153846
307,0.4107930660247803,0.5301001071929932,0.922077922077922,0.7251131221719457,0.375,0.5592948717948718
308,0.314047634601593,0.5318465828895569,0.8333333333333333,0.7262443438914027,0.512987012987013,0.5600961538461539
309,0.17745603621006012,0.5197483897209167,0.9583333333333333,0.7315233785822022,0.5,0.561698717948718
310,0.2897547781467438,0.5047802329063416,0.8200000000000001,0.7371794871794872,0.5641025641025641,0.5765224358974359
311,0.4498726725578308,0.49601948261260986,0.7402597402597403,0.7432126696832579,0.487012987012987,0.592948717948718
312,0.20614510774612427,0.501196563243866,0.8846153846153847,0.753393665158371,0.56,0.6217948717948718
313,0.2552878260612488,0.5326447486877441,0.8831168831168831,0.7643288084464556,0.36666666666666664,0.6578525641025641
314,0.1880483776330948,0.6312382221221924,0.967948717948718,0.7733785822021116,0.4935897435897436,0.7075320512820513
315,0.10303661227226257,0.7481821775436401,0.9933333333333334,0.7794117647058824,0.5294117647058824,0.7239583333333334
316,0.13618703186511993,0.6893444657325745,0.9807692307692307,0.7782805429864253,0.6527777777777778,0.7167467948717949
317,0.3366778790950775,0.5247422456741333,0.8246753246753247,0.7677224736048265,0.5666666666666667,0.6386217948717948
318,0.2829967737197876,0.5442615151405334,0.8974358974358974,0.7515082956259427,0.48611111111111105,0.5584935897435898
319,0.3872013986110687,0.5869008898735046,0.9294871794871794,0.744343891402715,0.4861111111111111,0.5392628205128205
320,0.3318343758583069,0.5599660873413086,0.9807692307692308,0.746606334841629,0.548611111111111,0.5424679487179487
321,0.07150121033191681,0.5237376689910889,0.9805194805194805,0.7541478129713424,0.5294117647058824,0.5661057692307693
322,0.21889863908290863,0.5356458425521851,0.9025974025974025,0.7631975867269986,0.7597402597402597,0.6069711538461539
323,0.21732930839061737,0.6027634143829346,0.922077922077922,0.7692307692307693,0.45512820512820507,0.6534455128205128
324,0.26670247316360474,0.6002862453460693,0.826923076923077,0.7696078431372548,0.48000000000000004,0.6498397435897436
325,0.11000579595565796,0.5624061226844788,0.9871794871794871,0.7703619909502263,0.41558441558441556,0.6310096153846154
326,0.23879341781139374,0.5009066462516785,0.8600000000000001,0.7594268476621419,0.5,0.5472756410256411
327,0.3075539469718933,0.5348750352859497,0.961038961038961,0.745475113122172,0.6794871794871795,0.530448717948718
328,0.4217603802680969,0.5610981583595276,0.8397435897435898,0.7356711915535445,0.5576923076923077,0.5296474358974359
329,0.5438958406448364,0.5339747071266174,0.7733333333333333,0.7319004524886878,0.7133333333333334,0.546073717948718
330,0.2760453224182129,0.4945024251937866,1.0,0.7334087481146305,0.608974358974359,0.5649038461538461
331,0.2298009693622589,0.4724024832248688,0.9652777777777778,0.7300150829562594,0.7543859649122808,0.6041666666666666
332,0.3139275908470154,0.5338676571846008,0.8846153846153848,0.728129713423831,0.5064935064935064,0.6358173076923077
333,0.30465906858444214,0.668232798576355,0.9423076923076923,0.7307692307692308,0.75,0.6097756410256411
334,0.21892471611499786,0.7643826007843018,1.0,0.7315233785822022,0.7077922077922078,0.5765224358974359
335,0.28160732984542847,0.74307781457901,0.9743589743589745,0.7330316742081449,0.4861111111111111,0.5817307692307692
336,0.30068647861480713,0.6047720313072205,0.9551282051282052,0.7326546003016592,0.532051282051282,0.6189903846153847
337,0.1955844610929489,0.4836624264717102,0.96,0.7334087481146304,0.532051282051282,0.6278044871794872
338,0.3392864465713501,0.4751816391944885,0.8533333333333335,0.7330316742081447,0.5833333333333334,0.5873397435897436
339,0.3492567837238312,0.5090280771255493,0.9480519480519481,0.729260935143288,0.4632352941176471,0.5436698717948717
340,0.3297576308250427,0.5439382791519165,0.8611111111111112,0.7307692307692307,0.44805194805194803,0.5328525641025641
341,0.2254791408777237,0.5659680366516113,0.9652777777777778,0.7311463046757164,0.5208333333333334,0.5244391025641026
342,0.29690366983413696,0.5650548934936523,0.8466666666666667,0.7352941176470589,0.5641025641025641,0.5200320512820513
343,0.4663727879524231,0.542881429195404,0.7792207792207793,0.7345399698340874,0.4805194805194805,0.5176282051282052
344,0.2305222600698471,0.4856836795806885,0.8846153846153847,0.7492458521870287,0.56,0.532051282051282
345,0.24055348336696625,0.4643304646015167,0.8831168831168831,0.7624434389140272,0.36,0.5713141025641025
346,0.15208634734153748,0.5655472874641418,0.9871794871794871,0.7714932126696833,0.4935897435897436,0.609375
347,0.14072434604167938,0.8069320917129517,1.0,0.7869532428355956,0.5441176470588236,0.5965544871794871
348,0.14373543858528137,0.9739717841148376,1.0,0.7895927601809954,0.6458333333333334,0.6013621794871795
349,0.2720787823200226,0.7509113550186157,0.948051948051948,0.7914781297134239,0.5533333333333333,0.6117788461538461
350,0.14694640040397644,0.5233745574951172,0.9230769230769231,0.780920060331825,0.45138888888888884,0.5861378205128205
351,0.2519591152667999,0.49761855602264404,0.9294871794871795,0.7628205128205129,0.3888888888888889,0.5212339743589743
352,0.226739302277565,0.5652970671653748,0.9807692307692307,0.7458521870286576,0.4652777777777778,0.4875801282051282
353,0.18634402751922607,0.6220672130584717,0.974025974025974,0.7371794871794872,0.5,0.4775641025641026
354,0.23289839923381805,0.6346863508224487,0.9155844155844156,0.7337858220211162,0.6493506493506493,0.4803685897435898
355,0.22929178178310394,0.5977742671966553,0.922077922077922,0.7379336349924586,0.4230769230769231,0.4931891025641026
356,0.2606735825538635,0.5743145942687988,0.8974358974358975,0.7530165912518854,0.49333333333333335,0.5268429487179488
357,0.04987923800945282,0.6954057216644287,1.0,0.7616892911010559,0.44805194805194803,0.6069711538461539
358,0.37897419929504395,0.7845078706741333,0.8800000000000001,0.7620663650075415,0.6000000000000001,0.6318108974358975
359,0.08572851121425629,0.7030855417251587,0.9935064935064934,0.7590497737556561,0.6987179487179487,0.6045673076923077
360,0.31476491689682007,0.554314136505127,0.8461538461538461,0.7522624434389139,0.5064102564102564,0.5424679487179487
361,0.5069226622581482,0.5290992259979248,0.7933333333333333,0.748868778280543,0.7933333333333333,0.515625
362,0.2962166666984558,0.5464650988578796,0.9743589743589745,0.747737556561086,0.5705128205128205,0.4967948717948718
363,0.38723358511924744,0.5442529320716858,0.9305555555555556,0.747737556561086,0.8157894736842105,0.49559294871794873
364,0.2985790967941284,0.5111679434776306,0.9038461538461539,0.7515082956259427,0.48051948051948046,0.5080128205128205
365,0.2834845781326294,0.4785420298576355,0.9743589743589743,0.752262443438914,0.5972222222222222,0.5280448717948718
366,0.14545825123786926,0.47294217348098755,0.9807692307692308,0.754524886877828,0.6623376623376623,0.5536858974358975
367,0.2014739215373993,0.5161539316177368,0.967948717948718,0.7569758672699849,0.5277777777777778,0.5885416666666667
368,0.1821487993001938,0.5914713144302368,0.9807692307692308,0.7590497737556561,0.40384615384615385,0.6077724358974359
369,0.30322688817977905,0.6114231944084167,0.9666666666666668,0.7571644042232277,0.4551282051282052,0.6157852564102564
370,0.30997908115386963,0.5644631385803223,0.8866666666666668,0.7564102564102564,0.41666666666666663,0.6129807692307693
371,0.20211994647979736,0.5093576908111572,0.9935064935064936,0.7541478129713425,0.4411764705882353,0.5949519230769231
372,0.28045791387557983,0.4808531701564789,0.8611111111111112,0.755656108597285,0.461038961038961,0.5548878205128205
373,0.1358804851770401,0.5241008996963501,0.9513888888888888,0.7458521870286576,0.4930555555555556,0.4871794871794872
374,0.3041442334651947,0.6130447387695312,0.82,0.7417043740573153,0.5,0.46073717948717946
375,0.5712761878967285,0.6717774271965027,0.8701298701298701,0.7345399698340874,0.45454545454545453,0.45633012820512825
376,0.39886194467544556,0.6580982804298401,0.9038461538461539,0.7311463046757164,0.5933333333333333,0.4559294871794872
377,0.3500891327857971,0.5955637097358704,0.922077922077922,0.7303921568627451,0.3933333333333333,0.46634615384615385
378,0.4372870922088623,0.5181879997253418,0.9743589743589745,0.7379336349924586,0.4807692307692308,0.49078525641025644
379,0.11332559585571289,0.48864901065826416,0.9866666666666667,0.745475113122172,0.5441176470588235,0.5280448717948718
380,0.07694239914417267,0.5087192058563232,1.0,0.7564102564102564,0.5694444444444444,0.5616987179487181
381,0.2155171036720276,0.6088719964027405,0.948051948051948,0.7631975867269986,0.5800000000000001,0.5837339743589743
382,0.20448938012123108,0.7587608098983765,0.9615384615384615,0.771870286576169,0.47916666666666663,0.5973557692307693
383,0.4324508011341095,0.7661623358726501,0.9935897435897436,0.7688536953242835,0.4930555555555555,0.6013621794871795
384,0.12778763473033905,0.6988188624382019,1.0,0.7699849170437406,0.4652777777777778,0.5961538461538461
385,0.10799875855445862,0.5841817855834961,1.0,0.7665912518853696,0.4558823529411764,0.59375
386,0.18262669444084167,0.5036963820457458,0.9415584415584415,0.7654600301659125,0.6428571428571428,0.5721153846153846
387,0.16034506261348724,0.4881238341331482,0.9545454545454546,0.7639517345399698,0.41666666666666663,0.5600961538461539
388,0.25534188747406006,0.49855929613113403,0.9423076923076923,0.7609351432880844,0.5066666666666666,0.5480769230769231
389,0.18427711725234985,0.5098754167556763,1.0,0.7601809954751131,0.34415584415584416,0.5452724358974359
390,0.1476331502199173,0.5241674780845642,0.9066666666666667,0.7582956259426847,0.42000000000000004,0.5436698717948718
391,0.12434552609920502,0.536186933517456,1.0,0.755656108597285,0.6217948717948718,0.5492788461538461
392,0.2692256271839142,0.5455489158630371,0.9551282051282051,0.752262443438914,0.5192307692307693,0.5608974358974359
393,0.3194931447505951,0.5551811456680298,0.8933333333333333,0.7492458521870287,0.7133333333333334,0.5741185897435898
394,0.08987860381603241,0.574699878692627,1.0,0.746606334841629,0.5705128205128205,0.6037660256410257
395,0.11216354370117188,0.6158885955810547,0.9652777777777778,0.7424585218702866,0.7982456140350878,0.6274038461538461
396,0.15873613953590393,0.6584256887435913,0.923076923076923,0.7398190045248869,0.48051948051948057,0.6462339743589743
397,0.03547494113445282,0.7315051555633545,1.0,0.7413273001508295,0.5347222222222222,0.669471153846154
398,0.07285581529140472,0.7863287925720215,0.9807692307692308,0.7443438914027148,0.6233766233766234,0.6782852564102564
399,0.04965129494667053,0.8442292213439941,0.9935897435897436,0.7484917043740572,0.5763888888888888,0.6782852564102564
400,0.059079527854919434,0.8936232328414917,0.9935897435897436,0.748868778280543,0.43589743589743585,0.6798878205128205
401,0.009815394878387451,0.8762907385826111,1.0,0.751131221719457,0.40384615384615385,0.6786858974358975
402,0.12884733080863953,0.767570436000824,0.9400000000000001,0.7496229260935143,0.4807692307692307,0.6746794871794871
403,0.11791291832923889,0.6684979200363159,0.9805194805194806,0.7450980392156863,0.38970588235294124,0.6522435897435896
404,0.13029249012470245,0.6149039268493652,0.8958333333333333,0.7375565610859729,0.487012987012987,0.6237980769230769
405,0.0432533323764801,0.6343923211097717,0.9791666666666666,0.7292609351432882,0.43749999999999994,0.5849358974358975
406,0.25835803151130676,0.6968041658401489,0.8800000000000001,0.7266214177978885,0.4871794871794872,0.5560897435897436
407,0.508625328540802,0.7301132678985596,0.9025974025974026,0.7228506787330317,0.487012987012987,0.5452724358974359
408,0.2722570300102234,0.7318806052207947,0.8782051282051281,0.7187028657616893,0.5466666666666666,0.5408653846153846
409,0.27130070328712463,0.7035242319107056,0.9935064935064936,0.7156862745098039,0.37333333333333335,0.5416666666666667
410,0.2766541838645935,0.6267272233963013,0.9807692307692308,0.7168174962292609,0.46153846153846156,0.5600961538461539
411,0.044880107045173645,0.5883076786994934,0.9866666666666667,0.7194570135746606,0.5294117647058824,0.5845352564102564
412,-0.05615998059511185,0.5941505432128906,1.0,0.7322775263951735,0.5763888888888888,0.609375
413,0.08529727160930634,0.6821752786636353,0.9935064935064934,0.7450980392156863,0.5133333333333332,0.6266025641025641
414,0.09447486698627472,0.8370916843414307,0.9615384615384615,0.7515082956259427,0.4375,0.6302083333333333
415,0.1844440996646881,0.9201186895370483,0.9935897435897436,0.7560331825037707,0.5,0.6326121794871794
416,-0.0032972097396850586,0.9635348320007324,1.0,0.7605580693815989,0.4930555555555556,0.6334134615384616
417,0.02480711042881012,0.9046002626419067,1.0,0.7586726998491704,0.4779411764705882,0.6245993589743589
418,0.08843132853507996,0.7679733037948608,0.9805194805194806,0.7537707390648567,0.5324675324675324,0.6137820512820513
419,0.11008840799331665,0.6266770362854004,0.9610389610389609,0.7526395173453997,0.391025641025641,0.6017628205128205
420,0.18610836565494537,0.5682523250579834,0.9230769230769231,0.7526395173453997,0.42000000000000004,0.5721153846153846
421,0.03641858696937561,0.5778824090957642,1.0,0.75,0.3896103896103896,0.5588942307692307
422,0.13629275560379028,0.6098385453224182,0.9066666666666667,0.7469834087481146,0.38,0.5564903846153846
423,0.069480299949646,0.6344535946846008,1.0,0.7458521870286576,0.5897435897435898,0.5568910256410255
424,0.2937454581260681,0.6419780850410461,0.9871794871794872,0.7424585218702865,0.4935897435897436,0.5665064102564102
425,0.27425023913383484,0.6271029710769653,0.9533333333333334,0.7428355957767722,0.7133333333333334,0.5773237179487178
426,0.0631757527589798,0.6265765428543091,0.9807692307692307,0.7432126696832578,0.5064102564102564,0.6065705128205128
427,0.01816210150718689,0.6464288830757141,0.9930555555555555,0.7424585218702865,0.736842105263158,0.6330128205128204
428,0.024598494172096252,0.6946104168891907,0.9807692307692308,0.7424585218702866,0.44155844155844154,0.6550480769230769
429,-0.004674986004829407,0.7824493646621704,1.0,0.7503770739064857,0.5208333333333333,0.6778846153846153
430,-0.009596109390258789,0.8886955976486206,1.0,0.7567873303167422,0.7077922077922078,0.6935096153846154
431,-0.037570178508758545,1.0129189491271973,1.0,0.7586726998491704,0.6180555555555556,0.6959134615384616
432,0.036629095673561096,1.1364198923110962,0.9871794871794872,0.7613122171945702,0.5064102564102564,0.6915064102564102
433,-0.028414107859134674,1.199049472808838,1.0,0.7628205128205128,0.4551282051282051,0.688701923076923
434,0.07242204248905182,1.2212876081466675,0.9533333333333334,0.7643288084464555,0.4423076923076923,0.6854967948717948
435,0.023805513978004456,1.0786054134368896,1.0,0.7624434389140271,0.41911764705882354,0.6778846153846154
436,0.11294400691986084,0.7952091693878174,0.8958333333333333,0.753393665158371,0.5064935064935066,0.6606570512820512
437,0.011990398168563843,0.6617584228515625,0.9861111111111112,0.7432126696832579,0.4027777777777778,0.6057692307692307
438,0.19341613352298737,0.6781811118125916,0.8733333333333333,0.7337858220211162,0.5,0.5741185897435896
439,0.3291160464286804,0.7363223433494568,0.9415584415584416,0.720211161387632,0.4805194805194805,0.5673076923076923
440,0.24593232572078705,0.7701438665390015,0.9166666666666667,0.7077677224736049,0.5466666666666666,0.5532852564102564
441,0.23563507199287415,0.7927227020263672,0.9935064935064936,0.7024886877828055,0.3733333333333333,0.5456730769230769
442,0.25710538029670715,0.7770949006080627,0.9807692307692308,0.69947209653092,0.4871794871794872,0.5456730769230769
443,0.010053098201751709,0.7492241859436035,0.9933333333333334,0.693815987933635,0.5147058823529411,0.5512820512820513
444,-0.0800284892320633,0.6999301910400391,1.0,0.6990950226244343,0.625,0.5588942307692307
445,0.02527497708797455,0.658830463886261,1.0,0.7122926093514329,0.5333333333333333,0.577724358974359
446,0.003668650984764099,0.7079946994781494,0.9935897435897436,0.719079939668175,0.4722222222222222,0.5833333333333333
447,-0.04020535200834274,0.8882753252983093,1.0,0.7228506787330317,0.5,0.5861378205128205
448,-0.051707662642002106,1.1692264080047607,1.0,0.7319004524886877,0.4861111111111111,0.5869391025641026
449,0.04849410057067871,1.3097388744354248,1.0,0.7349170437405732,0.5808823529411764,0.5829326923076923
450,0.027665570378303528,1.2578752040863037,1.0,0.7352941176470588,0.5324675324675325,0.5789262820512822
451,0.06287997961044312,1.0629031658172607,0.9935064935064936,0.7281297134238311,0.5,0.578125
452,0.056672677397727966,0.825160562992096,0.9871794871794872,0.7228506787330317,0.45333333333333337,0.5821314102564102
453,-0.06212969124317169,0.7053073048591614,1.0,0.7156862745098039,0.35064935064935066,0.5608974358974359
454,0.08932091295719147,0.6814286708831787,0.9533333333333334,0.7092760180995474,0.38,0.5500801282051282
455,-0.01577623188495636,0.7157715559005737,1.0,0.7039969834087481,0.608974358974359,0.5428685897435898
456,0.24724943935871124,0.7375019192695618,0.9935897435897436,0.6979638009049773,0.5512820512820513,0.5360576923076923
457,0.07107894122600555,0.7385523915290833,1.0,0.6900452488687783,0.6799999999999999,0.5340544871794872
458,0.047232434153556824,0.7320917844772339,0.9935897435897436,0.6907993966817496,0.5512820512820513,0.5428685897435898
459,-0.0020982176065444946,0.7224797606468201,1.0,0.6919306184012066,0.6315789473684211,0.5504807692307693
460,0.0018481612205505371,0.728736162185669,0.9935897435897436,0.6945701357466063,0.3961038961038961,0.5729166666666666
461,-0.037006229162216187,0.7565701603889465,1.0,0.7028657616892912,0.5347222222222222,0.5897435897435898
462,-0.06650489568710327,0.8290170431137085,1.0,0.7039969834087482,0.6948051948051948,0.6125801282051283
463,-0.05022011697292328,0.955217719078064,1.0,0.7036199095022625,0.6527777777777778,0.6310096153846153
464,-0.020344652235507965,1.1064667701721191,1.0,0.7081447963800904,0.44230769230769235,0.6350160256410255
465,-0.03629676252603531,1.22384774684906,1.0,0.7107843137254903,0.44230769230769235,0.6278044871794872
466,-0.0013363659381866455,1.3215607404708862,1.0,0.7153092006033182,0.4230769230769231,0.6286057692307692
467,-0.008095279335975647,1.343145489692688,1.0,0.7171945701357467,0.5294117647058824,0.6270032051282051
468,0.08310823142528534,1.2660824060440063,0.9722222222222222,0.7198340874811463,0.4480519480519481,0.6366185897435898
469,0.020933523774147034,1.1190108060836792,0.9930555555555556,0.7187028657616894,0.4305555555555556,0.6454326923076923
470,0.14455442130565643,0.9248104095458984,0.9,0.7168174962292609,0.4935897435897436,0.6274038461538461
471,0.08844992518424988,0.7797840237617493,0.974025974025974,0.7145550527903469,0.42207792207792205,0.5905448717948718
472,0.13363777101039886,0.731360912322998,0.9230769230769231,0.7115384615384615,0.5666666666666667,0.5576923076923077
473,0.029316365718841553,0.7620688676834106,1.0,0.7062594268476622,0.38,0.5352564102564102
474,0.03760337829589844,0.8077023029327393,1.0,0.697209653092006,0.4807692307692308,0.5252403846153846
475,0.0033717304468154907,0.8467869758605957,0.9866666666666667,0.6934389140271493,0.463235294117647,0.5188301282051282
476,-0.09452224522829056,0.8808406591415405,1.0,0.6934389140271493,0.5833333333333333,0.515625
477,0.07188206911087036,0.8797275424003601,1.0,0.6881598793363499,0.54,0.5212339743589743
478,0.016417160630226135,0.8652980923652649,0.9935897435897436,0.6847662141779789,0.4305555555555556,0.5284455128205129
479,-0.04001258313655853,0.84443199634552,1.0,0.6877828054298643,0.5347222222222222,0.531650641025641
480,-0.09790586680173874,0.8619223833084106,1.0,0.6926847662141781,0.48611111111111105,0.5384615384615385
481,-0.11200682073831558,0.9333742260932922,1.0,0.6964555052790347,0.47058823529411764,0.5412660256410257
482,-0.08585600554943085,1.075395941734314,1.0,0.698340874811463,0.4805194805194805,0.5444711538461537
483,-0.07042079418897629,1.2650076150894165,1.0,0.7043740573152338,0.46153846153846156,0.5552884615384616
484,-0.041281796991825104,1.471160888671875,1.0,0.7092760180995474,0.4733333333333334,0.5645032051282051
485,-0.029868707060813904,1.541896104812622,1.0,0.7130467571644042,0.34415584415584416,0.5649038461538461
486,0.0163707435131073,1.403539776802063,1.0,0.7024886877828055,0.3,0.5548878205128205
487,-0.10126063227653503,1.2448856830596924,1.0,0.6934389140271493,0.5576923076923077,0.5388621794871795
488,0.01839396357536316,1.13718843460083,0.9743589743589743,0.6806184012066365,0.532051282051282,0.5380608974358975
489,-0.015407010912895203,1.0520076751708984,0.9866666666666667,0.6708144796380091,0.5933333333333333,0.530448717948718
490,-0.06458961963653564,1.030343770980835,1.0,0.6591251885369532,0.47435897435897434,0.5360576923076923
491,0.0005469918251037598,1.0292226076126099,1.0,0.6564856711915535,0.6403508771929826,0.5364583333333333
492,0.05193932354450226,1.0244542360305786,1.0,0.6595022624434389,0.4935064935064935,0.5292467948717949
493,-0.04840470850467682,0.9794671535491943,1.0,0.6636500754147813,0.5416666666666666,0.5356570512820513
494,-0.08342211693525314,0.9339249134063721,1.0,0.6719457013574661,0.7272727272727273,0.546875
495,-0.06746989488601685,0.9194594025611877,1.0,0.6794871794871795,0.5972222222222222,0.5649038461538463
496,-0.07666967809200287,0.954364538192749,1.0,0.6840120663650076,0.41025641025641024,0.5961538461538461
497,-0.11392741650342941,1.0293776988983154,1.0,0.6930618401206636,0.39743589743589747,0.6061698717948718
498,-0.08179177343845367,1.1467227935791016,1.0,0.7013574660633484,0.4358974358974359,0.6165865384615384
499,-0.03709670901298523,1.2619062662124634,1.0,0.7092760180995475,0.47794117647058826,0.6177884615384615
500,-0.06369978189468384,1.372981309890747,1.0,0.7115384615384615,0.40909090909090906,0.6197916666666666
501,0.00028127431869506836,1.437662959098816,1.0,0.717948717948718,0.45833333333333337,0.6201923076923077
502,0.08879245817661285,1.3960200548171997,0.98,0.7205882352941176,0.5512820512820513,0.6205929487179487
503,0.04249940812587738,1.2556836605072021,0.9935064935064936,0.722473604826546,0.44805194805194803,0.6217948717948718
504,0.05170238018035889,1.1009767055511475,0.9615384615384615,0.721342383107089,0.45999999999999996,0.6037660256410255
505,-0.07033149152994156,0.9334980845451355,1.0,0.7164404223227753,0.38666666666666666,0.5893429487179486
506,-0.06481745839118958,0.8311645984649658,1.0,0.7160633484162896,0.5128205128205129,0.5689102564102564
507,-0.017384342849254608,0.8020932078361511,0.9866666666666667,0.7160633484162896,0.4852941176470589,0.5496794871794872
508,-0.1253766417503357,0.8229323625564575,1.0,0.7171945701357466,0.6111111111111112,0.5292467948717949
509,0.010825857520103455,0.8678672313690186,1.0,0.720211161387632,0.6,0.5192307692307692
510,0.05255630612373352,0.901850163936615,0.9871794871794872,0.7209653092006034,0.3680555555555556,0.5096153846153846
511,0.03862506151199341,0.8844618797302246,1.0,0.722473604826546,0.5138888888888888,0.5096153846153846
512,-0.0739237368106842,0.8604872226715088,1.0,0.7228506787330318,0.5138888888888888,0.5140224358974359
513,-0.1143307238817215,0.8366087079048157,1.0,0.7198340874811462,0.43382352941176466,0.5220352564102564
514,-0.09621060639619827,0.8151931762695312,1.0,0.7243589743589745,0.5064935064935066,0.5400641025641025
515,-0.08360199630260468,0.8223210573196411,1.0,0.7296380090497738,0.4358974358974359,0.547676282051282
516,-0.05177713930606842,0.8942856788635254,1.0,0.7307692307692307,0.43333333333333335,0.5705128205128205
517,-0.10942636430263519,1.026161551475525,1.0,0.7352941176470588,0.33766233766233766,0.5737179487179487
518,-0.06489580869674683,1.2039240598678589,1.0,0.7371794871794871,0.33999999999999997,0.5917467948717949
519,-0.07516220211982727,1.3683433532714844,1.0,0.7401960784313725,0.5705128205128205,0.594150641025641
520,-0.04317473620176315,1.481223702430725,1.0,0.7398190045248868,0.4871794871794871,0.5941506410256411
521,-0.030850999057292938,1.5123502016067505,0.9933333333333334,0.7394419306184011,0.5533333333333333,0.5961538461538461
522,-0.02113470435142517,1.379254937171936,1.0,0.7315233785822022,0.49358974358974356,0.5909455128205128
523,-0.08579088002443314,1.1765862703323364,1.0,0.7232277526395173,0.5701754385964912,0.5765224358974359
524,-0.09750165045261383,1.0407435894012451,1.0,0.7153092006033183,0.5,0.5560897435897436
525,-0.11752299964427948,0.9884661436080933,1.0,0.7077677224736048,0.5902777777777778,0.5532852564102564
526,-0.12103945016860962,0.9784897565841675,1.0,0.6953242835595778,0.6623376623376623,0.5508814102564102
527,0.02614782750606537,0.9788909554481506,0.9935897435897436,0.6911764705882353,0.5486111111111112,0.5484775641025641
528,-0.053570687770843506,0.987299919128418,1.0,0.6896681749622926,0.46794871794871795,0.5544871794871795
529,-0.10363945364952087,0.9964348077774048,1.0,0.6889140271493213,0.5192307692307693,0.5572916666666667
530,-0.03560768812894821,1.0226184129714966,1.0,0.6904223227752639,0.4487179487179488,0.5641025641025641
531,-0.07690243422985077,1.0791335105895996,1.0,0.691553544494721,0.4411764705882353,0.5785256410256411
532,-0.007911935448646545,1.1462610960006714,1.0,0.6987179487179488,0.43506493506493504,0.5901442307692308
533,-0.11187054216861725,1.231752634048462,1.0,0.6998491704374058,0.375,0.5865384615384615
534,-0.06024187058210373,1.3452457189559937,1.0,0.7017345399698341,0.5897435897435898,0.577323717948718
535,-0.0661759078502655,1.474047303199768,1.0,0.7062594268476622,0.42857142857142855,0.5725160256410257
536,0.05868463218212128,1.5748652219772339,0.9615384615384615,0.7081447963800905,0.4466666666666667,0.577323717948718
537,-0.0027460604906082153,1.567736029624939,1.0,0.7094645550527904,0.3733333333333333,0.5841346153846154
538,-0.051961660385131836,1.5051466226577759,1.0,0.7081447963800905,0.4935897435897436,0.5837339743589743
539,0.005113363265991211,1.377976417541504,0.9933333333333334,0.7077677224736048,0.4852941176470588,0.5897435897435896
540,-0.12487903237342834,1.2735058069229126,1.0,0.7047511312217195,0.5555555555555556,0.5929487179487181
541,-0.06170303374528885,1.1514979600906372,1.0,0.7032428355957768,0.64,0.6037660256410257
542,-0.000870048999786377,1.0642870664596558,0.9743589743589743,0.7032428355957768,0.4375,0.6001602564102564
543,-0.12246435135602951,1.0292006731033325,1.0,0.7024886877828054,0.5069444444444444,0.5893429487179487
544,-0.12271462380886078,1.0268698930740356,1.0,0.7051282051282051,0.41666666666666663,0.5725160256410255
545,-0.13051670789718628,1.0493571758270264,1.0,0.7043740573152338,0.4117647058823529,0.5649038461538461
546,-0.1215074211359024,1.085436463356018,1.0,0.7051282051282052,0.4805194805194805,0.5657051282051282
547,-0.10966365784406662,1.1238831281661987,1.0,0.7036199095022625,0.46794871794871795,0.5641025641025641
548,0.03857490420341492,1.1322121620178223,1.0,0.7036199095022625,0.38,0.5649038461538461
549,-0.09954297542572021,1.1229743957519531,1.0,0.702865761689291,0.43506493506493504,0.5713141025641026
550,-0.09345290064811707,1.1064683198928833,1.0,0.7062594268476623,0.4,0.5725160256410255
551,-0.008582130074501038,1.087144374847412,1.0,0.7104072398190046,0.6217948717948718,0.5701121794871795
552,0.1108592301607132,1.06064772605896,1.0,0.7111613876319759,0.5128205128205128,0.577724358974359
553,-0.08906048536300659,1.0467116832733154,1.0,0.7145550527903469,0.5466666666666666,0.5873397435897436
554,-0.12536543607711792,1.0522217750549316,1.0,0.7160633484162896,0.4358974358974359,0.6021634615384616
555,-0.13035233318805695,1.0725816488265991,1.0,0.7171945701357466,0.6140350877192983,0.610576923076923
556,-0.08680830895900726,1.0938444137573242,1.0,0.7194570135746606,0.487012987012987,0.6181891025641025
557,-0.1069672554731369,1.114073395729065,1.0,0.7217194570135747,0.5347222222222222,0.6173878205128205
558,-0.11904574930667877,1.1325864791870117,1.0,0.7243589743589743,0.6883116883116883,0.6189903846153846
559,-0.12016502022743225,1.1543775796890259,1.0,0.7269984917043741,0.6180555555555556,0.6197916666666667
560,-0.10388568043708801,1.1820991039276123,1.0,0.7277526395173455,0.46153846153846156,0.6181891025641026
561,-0.12377391755580902,1.2083513736724854,1.0,0.7262443438914028,0.48717948717948717,0.6161858974358975
562,-0.1106853187084198,1.224257469177246,1.0,0.7262443438914027,0.5,0.6133814102564102
563,-0.11286216229200363,1.2327936887741089,1.0,0.7262443438914028,0.4632352941176471,0.6137820512820513
564,-0.06991231441497803,1.2344056367874146,1.0,0.723604826546003,0.4090909090909091,0.6129807692307692
565,-0.10317718982696533,1.2373573780059814,1.0,0.7266214177978885,0.3680555555555556,0.6109775641025641
566,-0.07996781915426254,1.254167914390564,1.0,0.726998491704374,0.5833333333333333,0.6109775641025641
567,-0.09196335077285767,1.2691988945007324,1.0,0.726998491704374,0.3831168831168831,0.6121794871794871
568,-0.015131309628486633,1.2913715839385986,0.9935897435897436,0.7251131221719457,0.47333333333333333,0.6113782051282051
569,-0.11987493932247162,1.3100366592407227,1.0,0.7262443438914027,0.40666666666666673,0.6117788461538461
570,-0.12004022300243378,1.3254191875457764,1.0,0.725867269984917,0.4358974358974359,0.6125801282051282
571,-0.11133027821779251,1.3477784395217896,1.0,0.7266214177978885,0.44852941176470595,0.6101762820512819
572,-0.12484204769134521,1.3654171228408813,1.0,0.7256787330316743,0.5625,0.609775641025641
573,-0.10645052790641785,1.3707835674285889,1.0,0.7254901960784313,0.5066666666666666,0.608573717948718
574,-0.02880825102329254,1.373700737953186,0.9935897435897436,0.7243589743589745,0.45833333333333337,0.6065705128205128
575,-0.11361942440271378,1.3654248714447021,1.0,0.721342383107089,0.5,0.6073717948717949
576,-0.11887720972299576,1.3493911027908325,1.0,0.7209653092006033,0.41666666666666663,0.6061698717948718
577,-0.1187177300453186,1.3216418027877808,1.0,0.7185143288084463,0.4779411764705882,0.6049679487179487
578,-0.1290009766817093,1.2964173555374146,1.0,0.7171945701357466,0.40909090909090906,0.6073717948717948
579,-0.1241675466299057,1.2697746753692627,1.0,0.7164404223227752,0.4935897435897436,0.608573717948718
580,-0.12081103026866913,1.244268536567688,1.0,0.7160633484162897,0.3933333333333333,0.6033653846153846
581,-0.12924738228321075,1.2236549854278564,1.0,0.7164404223227752,0.448051948051948,0.6029647435897436
582,-0.12401222437620163,1.2067939043045044,1.0,0.7149321266968327,0.37000000000000005,0.5993589743589743
583,-0.13329465687274933,1.1941555738449097,1.0,0.7164404223227753,0.5961538461538461,0.5985576923076923
584,-0.09374374151229858,1.1954277753829956,1.0,0.7175716440422323,0.4551282051282051,0.5965544871794872
585,-0.126432403922081,1.1988924741744995,1.0,0.7175716440422323,0.5333333333333333,0.5957532051282052
586,-0.12366504222154617,1.1998846530914307,1.0,0.717948717948718,0.5128205128205128,0.5961538461538461
587,-0.1348261833190918,1.2016767263412476,1.0,0.717948717948718,0.5877192982456141,0.5933493589743589
588,-0.12847553193569183,1.2044486999511719,1.0,0.717948717948718,0.525974025974026,0.5913461538461539
589,-0.13149043917655945,1.2071731090545654,1.0,0.717948717948718,0.5347222222222222,0.5913461538461539
590,-0.1308620572090149,1.2102632522583008,1.0,0.7175716440422323,0.6883116883116883,0.5909455128205128
591,-0.12952691316604614,1.213898777961731,1.0,0.7175716440422323,0.611111111111111,0.5897435897435898
592,-0.11790698021650314,1.2230154275894165,1.0,0.7171945701357466,0.4423076923076923,0.5901442307692307
593,-0.13291491568088531,1.231307864189148,1.0,0.7156862745098039,0.5128205128205128,0.5905448717948718
594,-0.13130518794059753,1.239134669303894,1.0,0.7160633484162896,0.5,0.5909455128205127
595,-0.12744319438934326,1.2494491338729858,1.0,0.7160633484162896,0.4338235294117647,0.592948717948718
596,-0.1288929134607315,1.2600767612457275,1.0,0.7164404223227753,0.42207792207792205,0.5949519230769231
597,-0.12756521999835968,1.2713899612426758,1.0,0.7171945701357466,0.4097222222222222,0.5957532051282051
598,-0.11699993163347244,1.287300705909729,1.0,0.7168174962292609,0.5641025641025641,0.5973557692307693
599,-0.1192818284034729,1.3071016073226929,1.0,0.7164404223227754,0.4025974025974026,0.5997596153846153
600,-0.08785593509674072,1.3347501754760742,1.0,0.7160633484162896,0.46,0.5977564102564102
601,-0.13088437914848328,1.3612048625946045,1.0,0.7175716440422323,0.4,0.5997596153846154
602,-0.12972819805145264,1.3863098621368408,1.0,0.7160633484162896,0.4166666666666667,0.6001602564102563
603,-0.12719027698040009,1.4132972955703735,1.0,0.7153092006033184,0.4779411764705882,0.5993589743589743
604,-0.1347920000553131,1.4394322633743286,1.0,0.7141779788838613,0.5625,0.6013621794871795
605,-0.12803952395915985,1.463484764099121,1.0,0.7141779788838613,0.52,0.6005608974358974
606,-0.08889852464199066,1.496595025062561,1.0,0.7126696832579187,0.4583333333333333,0.6001602564102564
607,-0.1317654550075531,1.5291203260421753,1.0,0.7134238310708899,0.5625,0.6001602564102564
608,-0.1313564032316208,1.5543301105499268,1.0,0.7134238310708899,0.41666666666666663,0.5997596153846153
609,-0.13242290914058685,1.5792365074157715,1.0,0.7132352941176471,0.463235294117647,0.6021634615384616
610,-0.1334037035703659,1.5981358289718628,1.0,0.7128582202111614,0.3766233766233766,0.6017628205128205
611,-0.12603214383125305,1.6054081916809082,1.0,0.7126696832579185,0.4871794871794872,0.6021634615384615
612,-0.12924620509147644,1.6111043691635132,1.0,0.7128582202111614,0.40666666666666673,0.6025641025641025
613,-0.1305341124534607,1.6105879545211792,1.0,0.7130467571644042,0.44805194805194803,0.6025641025641025
614,-0.12294960021972656,1.603285789489746,1.0,0.7122926093514329,0.4,0.6013621794871795
615,-0.13541176915168762,1.598453164100647,1.0,0.7109728506787331,0.5897435897435898,0.6021634615384616
616,-0.1346551924943924,1.5924241542816162,1.0,0.7104072398190046,0.46153846153846156,0.6025641025641025
617,-0.13418307900428772,1.5869333744049072,1.0,0.709841628959276,0.49333333333333335,0.6013621794871795
618,-0.11953864246606827,1.570971965789795,1.0,0.7092760180995475,0.5256410256410257,0.6005608974358974
619,-0.13632142543792725,1.554291009902954,1.0,0.7083333333333334,0.5701754385964912,0.6001602564102564
620,-0.1311536580324173,1.5399234294891357,1.0,0.7081447963800905,0.474025974025974,0.6017628205128205
621,-0.13294757902622223,1.5234880447387695,1.0,0.708898944193062,0.5347222222222222,0.6013621794871795
622,-0.13349947333335876,1.510896921157837,1.0,0.709841628959276,0.6753246753246753,0.6009615384615384
623,-0.13306103646755219,1.500442385673523,1.0,0.7090874811463047,0.611111111111111,0.5993589743589745
624,-0.13292193412780762,1.489316463470459,1.0,0.7096530920060331,0.41025641025641024,0.5973557692307694
625,-0.1352967917919159,1.4808025360107422,1.0,0.7094645550527904,0.5384615384615384,0.5957532051282052
626,-0.1342359036207199,1.4735972881317139,1.0,0.7088989441930618,0.5128205128205128,0.5957532051282051
627,-0.13139589130878448,1.4675613641738892,1.0,0.7085218702865762,0.4191176470588236,0.5965544871794872
628,-0.13269849121570587,1.4654954671859741,1.0,0.7085218702865762,0.43506493506493504,0.593349358974359
629,-0.13290664553642273,1.4627079963684082,1.0,0.7077677224736049,0.4166666666666667,0.5913461538461537
630,-0.12855708599090576,1.463777780532837,1.0,0.7077677224736049,0.5769230769230769,0.5917467948717949
631,-0.12778091430664062,1.4679064750671387,1.0,0.7085218702865762,0.4025974025974026,0.5909455128205128
632,-0.133744016289711,1.471318006515503,1.0,0.7088989441930619,0.4666666666666667,0.5913461538461539
633,-0.13395647704601288,1.4755935668945312,1.0,0.7088989441930619,0.38,0.5917467948717948
634,-0.13411517441272736,1.480945110321045,1.0,0.7088989441930619,0.4166666666666667,0.5913461538461539
635,-0.12901274859905243,1.4882246255874634,1.0,0.7092760180995475,0.4926470588235294,0.5913461538461539
636,-0.1366806924343109,1.496146321296692,1.0,0.7085218702865762,0.5833333333333333,0.5913461538461539
637,-0.13232716917991638,1.5016148090362549,1.0,0.7088989441930619,0.5333333333333333,0.5913461538461539
638,-0.13388106226921082,1.508852481842041,1.0,0.7088989441930619,0.4583333333333333,0.591346153846154
639,-0.1353355497121811,1.51546049118042,1.0,0.7085218702865762,0.5694444444444444,0.5909455128205129
